Date,Predicted_Price
2025-03-28,386.87442
2025-03-31,387.41846
2025-04-01,387.3484
2025-04-02,386.90598
2025-04-03,386.23044
2025-04-04,385.4065
2025-04-07,384.4879
2025-04-08,383.50977
2025-04-09,382.4959
2025-04-10,381.46362
2025-04-11,380.42548
2025-04-14,379.3911
2025-04-15,378.3675
2025-04-16,377.36002
2025-04-17,376.37253
2025-04-18,375.40738
2025-04-21,374.46606
2025-04-22,373.54916
2025-04-23,372.65656
2025-04-24,371.78748
2025-04-25,370.94073
2025-04-28,370.11517
2025-04-29,369.30884
2025-04-30,368.52014
2025-05-01,367.74747
2025-05-02,366.98907
2025-05-05,366.24332
2025-05-06,365.50888
2025-05-07,364.78433
2025-05-08,364.0685
2025-05-09,363.36044
2025-05-12,362.6592
2025-05-13,361.9642
2025-05-14,361.27475
2025-05-15,360.59058
2025-05-16,359.9112
2025-05-19,359.23642
2025-05-20,358.5662
2025-05-21,357.90033
2025-05-22,357.23877
2025-05-23,356.58157
2025-05-26,355.9287
2025-05-27,355.28033
2025-05-28,354.6364
2025-05-29,353.997
2025-05-30,353.36227
2025-06-02,352.7322
2025-06-03,352.1069
2025-06-04,351.4864
2025-06-05,350.8705
2025-06-06,350.25937
2025-06-09,349.6531
2025-06-10,349.05157
2025-06-11,348.45493
2025-06-12,347.8629
2025-06-13,347.27548
2025-06-16,346.6928
2025-06-17,346.1147
2025-06-18,345.54105
2025-06-19,344.97186
2025-06-20,344.4071
2025-06-23,343.84668
2025-06-24,343.29047
2025-06-25,342.73843
2025-06-26,342.19052
2025-06-27,341.64667
2025-06-30,341.10675
2025-07-01,340.5708
2025-07-02,340.03873
2025-07-03,339.51047
2025-07-04,338.98593
2025-07-07,338.46506
2025-07-08,337.94794
2025-07-09,337.43423
2025-07-10,336.9242
2025-07-11,336.41766
2025-07-14,335.91452
2025-07-15,335.41483
2025-07-16,334.91852
2025-07-17,334.42548
2025-07-18,333.9358
2025-07-21,333.44925
2025-07-22,332.966
2025-07-23,332.48584
2025-07-24,332.00888
2025-07-25,331.53506
2025-07-28,331.0642
2025-07-29,330.5964
2025-07-30,330.13165
2025-07-31,329.66977
2025-08-01,329.21082
2025-08-04,328.75485
2025-08-05,328.30164
2025-08-06,327.85123
2025-08-07,327.40372
2025-08-08,326.9589
2025-08-11,326.5168
2025-08-12,326.07736
2025-08-13,325.64066
2025-08-14,325.2066
2025-08-15,324.77512
2025-08-18,324.3462
2025-08-19,323.91983
2025-08-20,323.49597
2025-08-21,323.07465
2025-08-22,322.6558
2025-08-25,322.23932
2025-08-26,321.82526
2025-08-27,321.41364
2025-08-28,321.00427
2025-08-29,320.59732
2025-09-01,320.19266
2025-09-02,319.7903
2025-09-03,319.3902
2025-09-04,318.99237
2025-09-05,318.59668
2025-09-08,318.20325
2025-09-09,317.8119
2025-09-10,317.42276
2025-09-11,317.03568
2025-09-12,316.65073
2025-09-15,316.2679
2025-09-16,315.88715
2025-09-17,315.50836
2025-09-18,315.13162
2025-09-19,314.75687
2025-09-22,314.3841
2025-09-23,314.01328
2025-09-24,313.64435
2025-09-25,313.2774
2025-09-26,312.91232
2025-09-29,312.54913
2025-09-30,312.18777
2025-10-01,311.8283
2025-10-02,311.4706
2025-10-03,311.11475
2025-10-06,310.76068
2025-10-07,310.40836
2025-10-08,310.0578
2025-10-09,309.70898
2025-10-10,309.36185
2025-10-13,309.01654
2025-10-14,308.67282
2025-10-15,308.33075
2025-10-16,307.99036
2025-10-17,307.65167
2025-10-20,307.31448
2025-10-21,306.979
2025-10-22,306.64505
2025-10-23,306.31274
2025-10-24,305.98196
2025-10-27,305.65274
2025-10-28,305.32504
2025-10-29,304.9989
2025-10-30,304.67422
2025-10-31,304.35104
2025-11-03,304.02936
2025-11-04,303.70923
2025-11-05,303.39038
2025-11-06,303.0731
2025-11-07,302.7572
2025-11-10,302.44266
2025-11-11,302.1296
2025-11-12,301.81796
2025-11-13,301.50763
2025-11-14,301.19873
2025-11-17,300.8911
2025-11-18,300.58487
2025-11-19,300.27997
2025-11-20,299.97644
2025-11-21,299.67407
2025-11-24,299.37308
2025-11-25,299.07336
2025-11-26,298.775
2025-11-27,298.47778
2025-11-28,298.18185
2025-12-01,297.88718
2025-12-02,297.5938
2025-12-03,297.30154
2025-12-04,297.0105
2025-12-05,296.7207
2025-12-08,296.43207
2025-12-09,296.14456
2025-12-10,295.8583
2025-12-11,295.57324
2025-12-12,295.28925
2025-12-15,295.00638
2025-12-16,294.7247
2025-12-17,294.44415
2025-12-18,294.16464
2025-12-19,293.88635
2025-12-22,293.609
2025-12-23,293.3329
2025-12-24,293.05777
2025-12-25,292.78375
2025-12-26,292.51077
2025-12-29,292.23886
2025-12-30,291.96802
2025-12-31,291.69812
2026-01-01,291.4293
2026-01-02,291.16156
2026-01-05,290.8948
2026-01-06,290.62897
2026-01-07,290.3642
2026-01-08,290.10034
2026-01-09,289.83752
2026-01-12,289.5757
2026-01-13,289.31476
2026-01-14,289.0549
2026-01-15,288.79584
2026-01-16,288.53787
2026-01-19,288.28067
2026-01-20,288.02457
2026-01-21,287.76926
2026-01-22,287.5149
2026-01-23,287.26144
2026-01-26,287.00894
2026-01-27,286.75723
2026-01-28,286.5065
2026-01-29,286.2566
2026-01-30,286.00754
2026-02-02,285.7594
2026-02-03,285.51212
2026-02-04,285.26566
2026-02-05,285.02005
2026-02-06,284.77533
2026-02-09,284.53137
2026-02-10,284.28827
2026-02-11,284.04596
2026-02-12,283.8045
2026-02-13,283.56384
2026-02-16,283.32397
2026-02-17,283.08493
2026-02-18,282.84665
2026-02-19,282.60916
2026-02-20,282.3725
2026-02-23,282.13657
2026-02-24,281.9014
2026-02-25,281.66702
2026-02-26,281.43338
2026-02-27,281.20047
2026-03-02,280.96835
2026-03-03,280.7369
2026-03-04,280.5063
2026-03-05,280.27634
2026-03-06,280.04712
2026-03-09,279.8186
2026-03-10,279.59085
2026-03-11,279.3638
2026-03-12,279.13745
2026-03-13,278.9118
2026-03-16,278.68683
2026-03-17,278.46255
2026-03-18,278.23895
2026-03-19,278.01605
2026-03-20,277.79382
2026-03-23,277.57227
2026-03-24,277.35144
2026-03-25,277.13116
2026-03-26,276.91162
2026-03-27,276.6927
2026-03-30,276.47443
2026-03-31,276.25684
2026-04-01,276.03983
2026-04-02,275.82346
2026-04-03,275.60776
2026-04-06,275.3927
2026-04-07,275.1782
2026-04-08,274.96436
2026-04-09,274.7512
2026-04-10,274.5385
2026-04-13,274.3265
2026-04-14,274.11508
2026-04-15,273.90427
2026-04-16,273.69403
2026-04-17,273.48438
2026-04-20,273.27536
2026-04-21,273.0669
2026-04-22,272.85898
2026-04-23,272.65167
2026-04-24,272.44492
2026-04-27,272.23877
2026-04-28,272.03314
2026-04-29,271.82806
2026-04-30,271.6236
2026-05-01,271.41962
2026-05-04,271.21622
2026-05-05,271.0134
2026-05-06,270.81104
2026-05-07,270.60928
2026-05-08,270.40802
2026-05-11,270.20728
2026-05-12,270.0071
2026-05-13,269.80746
2026-05-14,269.60828
2026-05-15,269.40967
2026-05-18,269.21155
2026-05-19,269.01398
2026-05-20,268.81683
2026-05-21,268.62033
2026-05-22,268.4242
2026-05-25,268.2286
2026-05-26,268.03354
2026-05-27,267.83893
2026-05-28,267.64484
2026-05-29,267.45117
2026-06-01,267.25806
2026-06-02,267.0654
2026-06-03,266.8732
2026-06-04,266.68146
2026-06-05,266.4902
2026-06-08,266.29944
2026-06-09,266.1091
2026-06-10,265.91928
2026-06-11,265.72986
2026-06-12,265.54092
2026-06-15,265.35242
2026-06-16,265.1644
2026-06-17,264.9768
2026-06-18,264.78967
2026-06-19,264.60294
2026-06-22,264.41672
2026-06-23,264.2308
2026-06-24,264.04544
2026-06-25,263.86047
2026-06-26,263.67593
2026-06-29,263.49182
2026-06-30,263.30814
2026-07-01,263.12482
2026-07-02,262.942
2026-07-03,262.75955
2026-07-06,262.57755
2026-07-07,262.39597
2026-07-08,262.2147
2026-07-09,262.03394
2026-07-10,261.85352
2026-07-13,261.67346
2026-07-14,261.49396
2026-07-15,261.3147
2026-07-16,261.1359
2026-07-17,260.9575
2026-07-20,260.77942
2026-07-21,260.6018
2026-07-22,260.42456
2026-07-23,260.24765
2026-07-24,260.07108
2026-07-27,259.89502
2026-07-28,259.71927
2026-07-29,259.5439
2026-07-30,259.36887
2026-07-31,259.1942
2026-08-03,259.01993
2026-08-04,258.84607
2026-08-05,258.67245
2026-08-06,258.49924
2026-08-07,258.32645
2026-08-10,258.154
2026-08-11,257.98187
2026-08-12,257.81012
2026-08-13,257.63867
2026-08-14,257.4676
2026-08-17,257.29688
2026-08-18,257.12646
2026-08-19,256.95642
2026-08-20,256.78674
2026-08-21,256.61737
2026-08-24,256.44827
2026-08-25,256.2796
2026-08-26,256.1112
2026-08-27,255.9432
2026-08-28,255.77551
2026-08-31,255.6081
2026-09-01,255.44104
2026-09-02,255.27426
2026-09-03,255.10786
2026-09-04,254.94179
2026-09-07,254.77594
2026-09-08,254.61049
2026-09-09,254.44527
2026-09-10,254.28052
2026-09-11,254.11589
2026-09-14,253.95166
2026-09-15,253.78772
2026-09-16,253.62411
2026-09-17,253.46077
2026-09-18,253.29771
2026-09-21,253.13503
2026-09-22,252.9726
2026-09-23,252.81046
2026-09-24,252.64862
2026-09-25,252.48703
2026-09-28,252.32579
2026-09-29,252.16483
2026-09-30,252.00415
2026-10-01,251.84375
2026-10-02,251.68362
2026-10-05,251.52379
2026-10-06,251.36426
2026-10-07,251.20499
2026-10-08,251.04599
2026-10-09,250.8873
2026-10-12,250.72887
2026-10-13,250.57063
2026-10-14,250.41273
2026-10-15,250.2551
2026-10-16,250.09775
2026-10-19,249.94064
2026-10-20,249.7838
2026-10-21,249.62726
2026-10-22,249.47093
2026-10-23,249.31487
2026-10-26,249.15912
2026-10-27,249.0036
2026-10-28,248.84834
2026-10-29,248.69327
2026-10-30,248.53848
2026-11-02,248.38402
2026-11-03,248.22972
2026-11-04,248.0757
2026-11-05,247.92195
2026-11-06,247.76845
2026-11-09,247.61516
2026-11-10,247.46211
2026-11-11,247.30931
2026-11-12,247.15677
2026-11-13,247.00446
2026-11-16,246.85236
2026-11-17,246.70053
2026-11-18,246.54893
2026-11-19,246.39757
2026-11-20,246.24648
2026-11-23,246.09557
2026-11-24,245.9449
2026-11-25,245.79445
2026-11-26,245.64426
2026-11-27,245.49425
2026-11-30,245.34447
2026-12-01,245.19496
2026-12-02,245.04562
2026-12-03,244.89653
2026-12-04,244.74765
2026-12-07,244.59898
2026-12-08,244.45058
2026-12-09,244.30235
2026-12-10,244.15433
2026-12-11,244.00656
2026-12-14,243.85898
2026-12-15,243.71161
2026-12-16,243.56445
2026-12-17,243.41751
2026-12-18,243.2708
2026-12-21,243.1243
2026-12-22,242.97794
2026-12-23,242.8318
2026-12-24,242.68593
2026-12-25,242.54024
2026-12-28,242.3947
2026-12-29,242.24942
2026-12-30,242.1043
2026-12-31,241.95941
2027-01-01,241.81473
2027-01-04,241.67023
2027-01-05,241.52585
2027-01-06,241.38176
2027-01-07,241.23776
2027-01-08,241.09406
2027-01-11,240.95052
2027-01-12,240.80713
2027-01-13,240.66396
2027-01-14,240.52103
2027-01-15,240.37817
2027-01-18,240.23558
2027-01-19,240.09317
2027-01-20,239.95085
2027-01-21,239.80887
2027-01-22,239.66693
2027-01-25,239.52527
2027-01-26,239.38374
2027-01-27,239.24239
2027-01-28,239.1012
2027-01-29,238.96024
2027-02-01,238.81941
2027-02-02,238.67876
2027-02-03,238.53831
2027-02-04,238.39803
2027-02-05,238.2579
2027-02-08,238.11798
2027-02-09,237.97818
2027-02-10,237.83856
2027-02-11,237.69916
2027-02-12,237.55984
2027-02-15,237.42072
2027-02-16,237.28178
2027-02-17,237.14305
2027-02-18,237.00447
2027-02-19,236.86603
2027-02-22,236.72769
2027-02-23,236.58958
2027-02-24,236.4516
2027-02-25,236.31378
2027-02-26,236.17615
2027-03-01,236.03859
2027-03-02,235.90129
2027-03-03,235.76408
2027-03-04,235.6271
2027-03-05,235.49022
2027-03-08,235.35349
2027-03-09,235.2169
2027-03-10,235.08052
2027-03-11,234.94423
2027-03-12,234.80809
2027-03-15,234.67215
2027-03-16,234.53633
2027-03-17,234.40068
2027-03-18,234.26515
2027-03-19,234.12976
2027-03-22,233.99454
2027-03-23,233.85944
2027-03-24,233.72446
2027-03-25,233.58972
2027-03-26,233.45497
2027-03-29,233.32048
2027-03-30,233.18613
2027-03-31,233.05183
2027-04-01,232.91772
2027-04-02,232.78377
2027-04-05,232.64992
2027-04-06,232.51624
2027-04-07,232.38268
2027-04-08,232.2492
2027-04-09,232.11594
2027-04-12,231.98279
2027-04-13,231.84972
2027-04-14,231.71681
2027-04-15,231.58405
2027-04-16,231.45142
2027-04-19,231.3189
2027-04-20,231.18651
2027-04-21,231.05426
2027-04-22,230.92212
2027-04-23,230.79016
2027-04-26,230.65826
2027-04-27,230.52646
2027-04-28,230.39488
2027-04-29,230.26334
2027-04-30,230.13197
2027-05-03,230.0007
2027-05-04,229.86955
2027-05-05,229.73854
2027-05-06,229.60767
2027-05-07,229.47685
2027-05-10,229.34622
2027-05-11,229.21565
2027-05-12,229.0852
2027-05-13,228.95493
2027-05-14,228.82472
2027-05-17,228.69461
2027-05-18,228.56464
2027-05-19,228.43478
2027-05-20,228.30507
2027-05-21,228.17545
2027-05-24,228.0459
2027-05-25,227.9165
2027-05-26,227.7872
2027-05-27,227.65804
2027-05-28,227.52892
2027-05-31,227.4
2027-06-01,227.27112
2027-06-02,227.14238
2027-06-03,227.0137
2027-06-04,226.88518
2027-06-07,226.75673
2027-06-08,226.62837
2027-06-09,226.50014
2027-06-10,226.37202
2027-06-11,226.24403
2027-06-14,226.1161
2027-06-15,225.98825
2027-06-16,225.86052
2027-06-17,225.73291
2027-06-18,225.60536
2027-06-21,225.47798
2027-06-22,225.35066
2027-06-23,225.2234
2027-06-24,225.09628
2027-06-25,224.96922
2027-06-28,224.84233
2027-06-29,224.71545
2027-06-30,224.58871
2027-07-01,224.46208
2027-07-02,224.3355
2027-07-05,224.20905
2027-07-06,224.08261
2027-07-07,223.95636
2027-07-08,223.83014
2027-07-09,223.70409
2027-07-12,223.57808
2027-07-13,223.45213
2027-07-14,223.32632
2027-07-15,223.20056
2027-07-16,223.07489
2027-07-19,222.94933
2027-07-20,222.82384
2027-07-21,222.69843
2027-07-22,222.57312
2027-07-23,222.44792
2027-07-26,222.32274
2027-07-27,222.1977
2027-07-28,222.07274
2027-07-29,221.94781
2027-07-30,221.82301
2027-08-02,221.6983
2027-08-03,221.57367
2027-08-04,221.44908
2027-08-05,221.32462
2027-08-06,221.20018
2027-08-09,221.07587
2027-08-10,220.9516
2027-08-11,220.82747
2027-08-12,220.70335
2027-08-13,220.5793
2027-08-16,220.4554
2027-08-17,220.33153
2027-08-18,220.20773
2027-08-19,220.08403
2027-08-20,219.9604
2027-08-23,219.83684
2027-08-24,219.71333
2027-08-25,219.58992
2027-08-26,219.46658
2027-08-27,219.34329
2027-08-30,219.22011
2027-08-31,219.09697
2027-09-01,218.97388
2027-09-02,218.8509
2027-09-03,218.72798
2027-09-06,218.60512
2027-09-07,218.48235
2027-09-08,218.35962
2027-09-09,218.23697
2027-09-10,218.11438
2027-09-13,217.99187
2027-09-14,217.86943
2027-09-15,217.74702
2027-09-16,217.6247
2027-09-17,217.50243
2027-09-20,217.38025
2027-09-21,217.25809
2027-09-22,217.13602
2027-09-23,217.01404
2027-09-24,216.89209
2027-09-27,216.77025
2027-09-28,216.64839
2027-09-29,216.52664
2027-09-30,216.40494
2027-10-01,216.28331
2027-10-04,216.16171
2027-10-05,216.0402
2027-10-06,215.91876
2027-10-07,215.79735
2027-10-08,215.67601
2027-10-11,215.55472
2027-10-12,215.4335
2027-10-13,215.3123
2027-10-14,215.19121
2027-10-15,215.07011
2027-10-18,214.94913
2027-10-19,214.82817
2027-10-20,214.70729
2027-10-21,214.58643
2027-10-22,214.46564
2027-10-25,214.3449
2027-10-26,214.2242
2027-10-27,214.10356
2027-10-28,213.983
2027-10-29,213.86247
2027-11-01,213.74197
2027-11-02,213.62155
2027-11-03,213.50116
2027-11-04,213.38086
2027-11-05,213.26056
2027-11-08,213.14032
2027-11-09,213.02013
2027-11-10,212.9
2027-11-11,212.77989
2027-11-12,212.65985
2027-11-15,212.53984
2027-11-16,212.4199
2027-11-17,212.3
2027-11-18,212.18015
2027-11-19,212.0603
2027-11-22,211.94054
2027-11-23,211.8208
2027-11-24,211.70116
2027-11-25,211.58147
2027-11-26,211.4619
2027-11-29,211.34233
2027-11-30,211.22282
2027-12-01,211.10335
2027-12-02,210.98389
2027-12-03,210.86452
2027-12-06,210.7452
2027-12-07,210.62587
2027-12-08,210.50656
2027-12-09,210.38733
2027-12-10,210.26814
2027-12-13,210.14899
2027-12-14,210.02985
2027-12-15,209.91078
2027-12-16,209.79173
2027-12-17,209.67273
2027-12-20,209.55377
2027-12-21,209.43483
2027-12-22,209.3159
2027-12-23,209.19707
2027-12-24,209.07823
2027-12-27,208.95943
2027-12-28,208.84068
2027-12-29,208.722
2027-12-30,208.60326
2027-12-31,208.4846
2028-01-03,208.36601
2028-01-04,208.24738
2028-01-05,208.12885
2028-01-06,208.0103
2028-01-07,207.89178
2028-01-10,207.77333
2028-01-11,207.65489
2028-01-12,207.5365
2028-01-13,207.4181
2028-01-14,207.29977
2028-01-17,207.18146
2028-01-18,207.06317
2028-01-19,206.94493
2028-01-20,206.82669
2028-01-21,206.70845
2028-01-24,206.5903
2028-01-25,206.47214
2028-01-26,206.35402
2028-01-27,206.23592
2028-01-28,206.11781
2028-01-31,205.99979
2028-02-01,205.88176
2028-02-02,205.76375
2028-02-03,205.64578
2028-02-04,205.52783
2028-02-07,205.40988
2028-02-08,205.29198
2028-02-09,205.1741
2028-02-10,205.05626
2028-02-11,204.93842
2028-02-14,204.8206
2028-02-15,204.7028
2028-02-16,204.58502
2028-02-17,204.46725
2028-02-18,204.34958
2028-02-21,204.23187
2028-02-22,204.11415
2028-02-23,203.99652
2028-02-24,203.87888
2028-02-25,203.76125
2028-02-28,203.64363
2028-02-29,203.52602
2028-03-01,203.40846
2028-03-02,203.29091
2028-03-03,203.17332
2028-03-06,203.05586
2028-03-07,202.93831
2028-03-08,202.82085
2028-03-09,202.70338
2028-03-10,202.5859
2028-03-13,202.46846
2028-03-14,202.35107
2028-03-15,202.23363
2028-03-16,202.11626
2028-03-17,201.99886
2028-03-20,201.8815
2028-03-21,201.76413
2028-03-22,201.64679
2028-03-23,201.52945
2028-03-24,201.41212
2028-03-27,201.29483
2028-03-28,201.17755
2028-03-29,201.06024
2028-03-30,200.94296
2028-03-31,200.82573
2028-04-03,200.70844
2028-04-04,200.59125
2028-04-05,200.47401
2028-04-06,200.35678
2028-04-07,200.2396
2028-04-10,200.12234
2028-04-11,200.00517
2028-04-12,199.88797
2028-04-13,199.77078
2028-04-14,199.65361
2028-04-17,199.53647
2028-04-18,199.41931
2028-04-19,199.30215
2028-04-20,199.18506
2028-04-21,199.06792
2028-04-24,198.95074
2028-04-25,198.83363
2028-04-26,198.71649
2028-04-27,198.59941
2028-04-28,198.48232
2028-05-01,198.36519
2028-05-02,198.24806
2028-05-03,198.13098
2028-05-04,198.01387
2028-05-05,197.89679
2028-05-08,197.77971
2028-05-09,197.66264
2028-05-10,197.54552
2028-05-11,197.42847
2028-05-12,197.31139
2028-05-15,197.1943
2028-05-16,197.07721
2028-05-17,196.96016
2028-05-18,196.84308
2028-05-19,196.726
2028-05-22,196.60893
2028-05-23,196.49188
2028-05-24,196.3748
2028-05-25,196.2577
2028-05-26,196.14064
2028-05-29,196.02356
2028-05-30,195.90646
2028-05-31,195.7894
2028-06-01,195.67232
2028-06-02,195.5552
2028-06-05,195.43813
2028-06-06,195.32103
2028-06-07,195.20395
2028-06-08,195.08685
2028-06-09,194.96973
2028-06-12,194.8526
2028-06-13,194.73555
2028-06-14,194.61838
2028-06-15,194.50128
2028-06-16,194.38412
2028-06-19,194.26697
2028-06-20,194.14987
2028-06-21,194.03271
2028-06-22,193.91556
2028-06-23,193.79843
2028-06-26,193.68123
2028-06-27,193.56404
2028-06-28,193.44687
2028-06-29,193.32965
2028-06-30,193.21248
2028-07-03,193.09528
2028-07-04,192.97807
2028-07-05,192.8608
2028-07-06,192.74358
2028-07-07,192.62634
2028-07-10,192.50908
2028-07-11,192.39182
2028-07-12,192.27455
2028-07-13,192.15724
2028-07-14,192.04
2028-07-17,191.92267
2028-07-18,191.80534
2028-07-19,191.68802
2028-07-20,191.57066
2028-07-21,191.45335
2028-07-24,191.33595
2028-07-25,191.21858
2028-07-26,191.10118
2028-07-27,190.98381
2028-07-28,190.86641
2028-07-31,190.74896
2028-08-01,190.63147
2028-08-02,190.514
2028-08-03,190.39659
2028-08-04,190.27908
2028-08-07,190.16158
2028-08-08,190.04405
2028-08-09,189.92654
2028-08-10,189.80896
2028-08-11,189.69139
2028-08-14,189.57379
2028-08-15,189.45622
2028-08-16,189.3386
2028-08-17,189.22096
2028-08-18,189.10332
2028-08-21,188.98561
2028-08-22,188.86795
2028-08-23,188.75026
2028-08-24,188.63249
2028-08-25,188.51477
2028-08-28,188.39705
2028-08-29,188.27922
2028-08-30,188.16142
2028-08-31,188.0436
2028-09-01,187.9258
2028-09-04,187.8079
2028-09-05,187.69005
2028-09-06,187.5721
2028-09-07,187.45422
2028-09-08,187.33629
2028-09-11,187.21835
2028-09-12,187.10033
2028-09-13,186.98233
2028-09-14,186.86429
2028-09-15,186.74625
2028-09-18,186.62819
2028-09-19,186.51006
2028-09-20,186.39195
2028-09-21,186.27379
2028-09-22,186.15564
2028-09-25,186.0374
2028-09-26,185.91922
2028-09-27,185.80101
2028-09-28,185.68272
2028-09-29,185.56444
2028-10-02,185.44614
2028-10-03,185.32782
2028-10-04,185.20941
2028-10-05,185.09103
2028-10-06,184.97261
2028-10-09,184.8542
2028-10-10,184.7357
2028-10-11,184.61723
2028-10-12,184.49869
2028-10-13,184.38013
2028-10-16,184.26154
2028-10-17,184.14296
2028-10-18,184.02432
2028-10-19,183.90565
2028-10-20,183.78699
2028-10-23,183.66824
2028-10-24,183.5495
2028-10-25,183.43071
2028-10-26,183.31192
2028-10-27,183.19305
2028-10-30,183.07419
2028-10-31,182.9553
2028-11-01,182.8364
2028-11-02,182.71742
2028-11-03,182.59843
2028-11-06,182.47942
2028-11-07,182.36035
2028-11-08,182.2413
2028-11-09,182.1222
2028-11-10,182.00304
2028-11-13,181.88383
2028-11-14,181.76465
2028-11-15,181.64542
2028-11-16,181.52617
2028-11-17,181.40686
2028-11-20,181.28749
2028-11-21,181.16814
2028-11-22,181.04875
2028-11-23,180.92928
2028-11-24,180.80983
2028-11-27,180.6903
2028-11-28,180.57077
2028-11-29,180.45117
2028-11-30,180.33157
2028-12-01,180.2119
2028-12-04,180.09224
2028-12-05,179.97252
2028-12-06,179.85277
2028-12-07,179.73296
2028-12-08,179.61314
2028-12-11,179.49329
2028-12-12,179.37338
2028-12-13,179.25345
2028-12-14,179.13347
2028-12-15,179.01344
2028-12-18,178.89342
2028-12-19,178.77332
2028-12-20,178.65318
2028-12-21,178.53305
2028-12-22,178.41284
2028-12-25,178.2926
2028-12-26,178.17233
2028-12-27,178.052
2028-12-28,177.93167
2028-12-29,177.81123
2029-01-01,177.69081
2029-01-02,177.57034
2029-01-03,177.44984
2029-01-04,177.32927
2029-01-05,177.20868
2029-01-08,177.08806
2029-01-09,176.96733
2029-01-10,176.84665
2029-01-11,176.72589
2029-01-12,176.60506
2029-01-15,176.48422
2029-01-16,176.36334
2029-01-17,176.24242
2029-01-18,176.12143
2029-01-19,176.00041
2029-01-22,175.87935
2029-01-23,175.75826
2029-01-24,175.63712
2029-01-25,175.51591
2029-01-26,175.39471
2029-01-29,175.27344
2029-01-30,175.15211
2029-01-31,175.03073
2029-02-01,174.9093
2029-02-02,174.78789
2029-02-05,174.66637
2029-02-06,174.54486
2029-02-07,174.42325
2029-02-08,174.30162
2029-02-09,174.17995
2029-02-12,174.05823
2029-02-13,173.93646
2029-02-14,173.81462
2029-02-15,173.69276
2029-02-16,173.57088
2029-02-19,173.4489
2029-02-20,173.32687
2029-02-21,173.20482
2029-02-22,173.08273
2029-02-23,172.9606
2029-02-26,172.83838
2029-02-27,172.71619
2029-02-28,172.59387
2029-03-01,172.47153
2029-03-02,172.3491
2029-03-05,172.22667
2029-03-06,172.10422
2029-03-07,171.98166
2029-03-08,171.8591
2029-03-09,171.73645
2029-03-12,171.61378
2029-03-13,171.49106
2029-03-14,171.36826
2029-03-15,171.2454
2029-03-16,171.12254
2029-03-19,170.9996
2029-03-20,170.87663
2029-03-21,170.75359
2029-03-22,170.6305
2029-03-23,170.50732
2029-03-26,170.38414
2029-03-27,170.2609
2029-03-28,170.1376
2029-03-29,170.01427
2029-03-30,169.89085
2029-04-02,169.7674
2029-04-03,169.64386
2029-04-04,169.5203
2029-04-05,169.39673
2029-04-06,169.27303
2029-04-09,169.14932
2029-04-10,169.02554
2029-04-11,168.9017
2029-04-12,168.77785
2029-04-13,168.6539
2029-04-16,168.52988
2029-04-17,168.40584
2029-04-18,168.28175
2029-04-19,168.1576
2029-04-20,168.03337
2029-04-23,167.90915
2029-04-24,167.78477
2029-04-25,167.66043
2029-04-26,167.53596
2029-04-27,167.41147
2029-04-30,167.28694
2029-05-01,167.16232
2029-05-02,167.03767
2029-05-03,166.91296
2029-05-04,166.78818
2029-05-07,166.66335
2029-05-08,166.53845
2029-05-09,166.41353
2029-05-10,166.28851
2029-05-11,166.16345
2029-05-14,166.03836
2029-05-15,165.91318
2029-05-16,165.78793
2029-05-17,165.66263
2029-05-18,165.53728
2029-05-21,165.41185
2029-05-22,165.28639
2029-05-23,165.16086
2029-05-24,165.03526
2029-05-25,164.9096
2029-05-28,164.78392
2029-05-29,164.65816
2029-05-30,164.5323
2029-05-31,164.40643
2029-06-01,164.28044
2029-06-04,164.15445
2029-06-05,164.02838
2029-06-06,163.90225
2029-06-07,163.7761
2029-06-08,163.64981
2029-06-11,163.5235
2029-06-12,163.39711
2029-06-13,163.27069
2029-06-14,163.1442
2029-06-15,163.01762
2029-06-18,162.89104
2029-06-19,162.76431
2029-06-20,162.63756
2029-06-21,162.51077
2029-06-22,162.3839
2029-06-25,162.25696
2029-06-26,162.12994
2029-06-27,162.00287
2029-06-28,161.87576
2029-06-29,161.74855
2029-07-02,161.6213
2029-07-03,161.494
2029-07-04,161.36661
2029-07-05,161.23915
2029-07-06,161.11163
2029-07-09,160.98404
2029-07-10,160.85643
2029-07-11,160.7287
2029-07-12,160.60094
2029-07-13,160.4731
2029-07-16,160.34517
2029-07-17,160.21722
2029-07-18,160.08919
2029-07-19,159.96109
2029-07-20,159.83295
2029-07-23,159.70468
2029-07-24,159.57642
2029-07-25,159.44803
2029-07-26,159.31961
2029-07-27,159.1911
2029-07-30,159.06258
2029-07-31,158.9339
2029-08-01,158.80524
2029-08-02,158.67645
2029-08-03,158.54764
2029-08-06,158.41873
2029-08-07,158.28976
2029-08-08,158.16074
2029-08-09,158.03165
2029-08-10,157.90247
2029-08-13,157.77321
2029-08-14,157.64392
2029-08-15,157.51457
2029-08-16,157.38512
2029-08-17,157.25558
2029-08-20,157.12602
2029-08-21,156.99635
2029-08-22,156.86664
2029-08-23,156.73685
2029-08-24,156.607
2029-08-27,156.47707
2029-08-28,156.34709
2029-08-29,156.21701
2029-08-30,156.08685
2029-08-31,155.95668
2029-09-03,155.82639
2029-09-04,155.69603
2029-09-05,155.56563
2029-09-06,155.43513
2029-09-07,155.30458
2029-09-10,155.17397
2029-09-11,155.04324
2029-09-12,154.91249
2029-09-13,154.78165
2029-09-14,154.65074
2029-09-17,154.51974
2029-09-18,154.38867
2029-09-19,154.25757
2029-09-20,154.12636
2029-09-21,153.99509
2029-09-24,153.86377
2029-09-25,153.73235
2029-09-26,153.60086
2029-09-27,153.46928
2029-09-28,153.33766
2029-10-01,153.20598
2029-10-02,153.07419
2029-10-03,152.94234
2029-10-04,152.8104
2029-10-05,152.6784
2029-10-08,152.54633
2029-10-09,152.4142
2029-10-10,152.28197
2029-10-11,152.1497
2029-10-12,152.0173
2029-10-15,151.8849
2029-10-16,151.75238
2029-10-17,151.61977
2029-10-18,151.4871
2029-10-19,151.35439
2029-10-22,151.2216
2029-10-23,151.08873
2029-10-24,150.95576
2029-10-25,150.82272
2029-10-26,150.68962
2029-10-29,150.55643
2029-10-30,150.42319
2029-10-31,150.28983
2029-11-01,150.15643
2029-11-02,150.02296
2029-11-05,149.88939
2029-11-06,149.75575
2029-11-07,149.62209
2029-11-08,149.48828
2029-11-09,149.3544
2029-11-12,149.22049
2029-11-13,149.08649
2029-11-14,148.9524
2029-11-15,148.81822
2029-11-16,148.68399
2029-11-19,148.5497
2029-11-20,148.4153
2029-11-21,148.28082
2029-11-22,148.14627
2029-11-23,148.01164
2029-11-26,147.87695
2029-11-27,147.74216
2029-11-28,147.60733
2029-11-29,147.47241
2029-11-30,147.3374
2029-12-03,147.2023
2029-12-04,147.06718
2029-12-05,146.93193
2029-12-06,146.7966
2029-12-07,146.66122
2029-12-10,146.52577
2029-12-11,146.3902
2029-12-12,146.25458
2029-12-13,146.11888
2029-12-14,145.9831
2029-12-17,145.84726
2029-12-18,145.7113
2029-12-19,145.5753
2029-12-20,145.4392
2029-12-21,145.30304
2029-12-24,145.1668
2029-12-25,145.03046
2029-12-26,144.89407
2029-12-27,144.75758
2029-12-28,144.62102
2029-12-31,144.48438
2030-01-01,144.34764
2030-01-02,144.21086
2030-01-03,144.07399
2030-01-04,143.93703
2030-01-07,143.8
2030-01-08,143.66289
2030-01-09,143.52568
2030-01-10,143.38843
2030-01-11,143.25107
2030-01-14,143.11365
2030-01-15,142.97614
2030-01-16,142.83853
2030-01-17,142.70088
2030-01-18,142.56313
2030-01-21,142.4253
2030-01-22,142.28738
2030-01-23,142.14941
2030-01-24,142.01134
2030-01-25,141.8732
2030-01-28,141.73495
2030-01-29,141.59668
2030-01-30,141.45827
2030-01-31,141.31982
2030-02-01,141.18129
2030-02-04,141.04265
2030-02-05,140.90393
2030-02-06,140.76517
2030-02-07,140.62631
2030-02-08,140.48735
2030-02-11,140.34833
2030-02-12,140.20923
2030-02-13,140.07002
2030-02-14,139.93076
2030-02-15,139.79141
2030-02-18,139.652
2030-02-19,139.51248
2030-02-20,139.37291
2030-02-21,139.23323
2030-02-22,139.09349
2030-02-25,138.95366
2030-02-26,138.81374
2030-02-27,138.67375
2030-02-28,138.53369
2030-03-01,138.39354
2030-03-04,138.25331
2030-03-05,138.11299
2030-03-06,137.97263
2030-03-07,137.83214
2030-03-08,137.69157
2030-03-11,137.55096
2030-03-12,137.41023
2030-03-13,137.26944
2030-03-14,137.12857
2030-03-15,136.9876
2030-03-18,136.84656
2030-03-19,136.70547
2030-03-20,136.56424
2030-03-21,136.42299
2030-03-22,136.2816
2030-03-25,136.14017
2030-03-26,135.99864
2030-03-27,135.85706
2030-03-28,135.71535
2030-03-29,135.5736
2030-04-01,135.43176
2030-04-02,135.28981
2030-04-03,135.14781
2030-04-04,135.00574
2030-04-05,134.86354
2030-04-08,134.72128
2030-04-09,134.57898
2030-04-10,134.43655
2030-04-11,134.29405
2030-04-12,134.15149
2030-04-15,134.00882
2030-04-16,133.86609
2030-04-17,133.72327
2030-04-18,133.58038
2030-04-19,133.43742
2030-04-22,133.29433
2030-04-23,133.15121
2030-04-24,133.00798
2030-04-25,132.86467
2030-04-26,132.7213
2030-04-29,132.57784
2030-04-30,132.43428
2030-05-01,132.29068
2030-05-02,132.14697
2030-05-03,132.00317
2030-05-06,131.85933
2030-05-07,131.71536
2030-05-08,131.57133
2030-05-09,131.42723
2030-05-10,131.28305
2030-05-13,131.13878
2030-05-14,130.99443
2030-05-15,130.85
2030-05-16,130.70549
2030-05-17,130.5609
2030-05-20,130.41623
2030-05-21,130.27148
2030-05-22,130.12663
2030-05-23,129.98175
2030-05-24,129.83676
2030-05-27,129.69168
2030-05-28,129.54652
2030-05-29,129.4013
2030-05-30,129.256
2030-05-31,129.11061
2030-06-03,128.96512
2030-06-04,128.81958
2030-06-05,128.67395
2030-06-06,128.52826
2030-06-07,128.38248
2030-06-10,128.2366
2030-06-11,128.09067
2030-06-12,127.94463
2030-06-13,127.79853
2030-06-14,127.65236
2030-06-17,127.50608
2030-06-18,127.359726
2030-06-19,127.21332
2030-06-20,127.06682
2030-06-21,126.92025
2030-06-24,126.77358
2030-06-25,126.62686
2030-06-26,126.48005
2030-06-27,126.33315
2030-06-28,126.18618
2030-07-01,126.03912
2030-07-02,125.892
2030-07-03,125.74479
2030-07-04,125.5975
2030-07-05,125.450134
2030-07-08,125.30271
2030-07-09,125.1552
2030-07-10,125.007614
2030-07-11,124.85993
2030-07-12,124.71216
2030-07-15,124.56435
2030-07-16,124.41645
2030-07-17,124.26847
2030-07-18,124.12041
2030-07-19,123.97227
2030-07-22,123.82406
2030-07-23,123.67577
2030-07-24,123.527405
2030-07-25,123.37897
2030-07-26,123.23044
2030-07-29,123.08184
2030-07-30,122.933174
2030-07-31,122.784424
2030-08-01,122.6356
2030-08-02,122.48669
2030-08-05,122.33774
2030-08-06,122.188675
2030-08-07,122.03954
2030-08-08,121.89032
2030-08-09,121.74106
2030-08-12,121.59171
2030-08-13,121.44227
2030-08-14,121.29276
2030-08-15,121.1432
2030-08-16,120.99352
2030-08-19,120.8438
2030-08-20,120.693985
2030-08-21,120.544106
2030-08-22,120.39416
2030-08-23,120.24414
2030-08-26,120.09404
2030-08-27,119.94387
2030-08-28,119.79361
2030-08-29,119.64331
2030-08-30,119.4929
2030-09-02,119.34243
2030-09-03,119.19189
2030-09-04,119.041275
2030-09-05,118.890594
2030-09-06,118.739845
2030-09-09,118.58902
2030-09-10,118.43811
2030-09-11,118.28712
2030-09-12,118.13607
2030-09-13,117.98497
2030-09-16,117.83376
2030-09-17,117.6825
2030-09-18,117.53116
2030-09-19,117.37976
2030-09-20,117.228294
2030-09-23,117.07674
2030-09-24,116.92514
2030-09-25,116.77343
2030-09-26,116.62168
2030-09-27,116.46985
2030-09-30,116.31794
2030-10-01,116.16598
2030-10-02,116.013954
2030-10-03,115.86185
2030-10-04,115.70966
2030-10-07,115.55741
2030-10-08,115.40511
2030-10-09,115.252716
2030-10-10,115.10027
2030-10-11,114.947754
2030-10-14,114.795166
2030-10-15,114.64252
2030-10-16,114.48978
2030-10-17,114.33701
2030-10-18,114.18414
2030-10-21,114.03121
2030-10-22,113.87821
2030-10-23,113.72517
2030-10-24,113.57207
2030-10-25,113.418846
2030-10-28,113.2656
2030-10-29,113.1123
2030-10-30,112.9589
2030-10-31,112.80544
2030-11-01,112.65195
2030-11-04,112.49835
2030-11-05,112.3447
2030-11-06,112.19099
2030-11-07,112.03722
2030-11-08,111.883385
2030-11-11,111.72948
2030-11-12,111.57551
2030-11-13,111.42148
2030-11-14,111.267395
2030-11-15,111.11324
2030-11-18,110.95901
2030-11-19,110.80474
2030-11-20,110.650406
2030-11-21,110.49599
2030-11-22,110.34152
2030-11-25,110.187004
2030-11-26,110.03241
2030-11-27,109.87776
2030-11-28,109.72305
2030-11-29,109.568275
2030-12-02,109.41345
2030-12-03,109.25855
2030-12-04,109.10361
2030-12-05,108.94861
2030-12-06,108.79354
2030-12-09,108.63841
2030-12-10,108.48322
2030-12-11,108.32798
2030-12-12,108.17268
2030-12-13,108.01733
2030-12-16,107.8619
2030-12-17,107.706436
2030-12-18,107.55092
2030-12-19,107.39532
2030-12-20,107.23969
2030-12-23,107.083984
2030-12-24,106.92823
2030-12-25,106.77243
2030-12-26,106.61658
2030-12-27,106.460655
2030-12-30,106.304665
2030-12-31,106.14865
2031-01-01,105.99258
2031-01-02,105.83643
2031-01-03,105.68024
2031-01-06,105.523994
2031-01-07,105.367714
2031-01-08,105.211365
2031-01-09,105.05496
2031-01-10,104.898506
2031-01-13,104.74201
2031-01-14,104.58546
2031-01-15,104.428856
2031-01-16,104.27219
2031-01-17,104.11549
2031-01-20,103.95874
2031-01-21,103.80193
2031-01-22,103.64506
2031-01-23,103.48816
2031-01-24,103.331215
2031-01-27,103.174194
2031-01-28,103.01715
2031-01-29,102.86006
2031-01-30,102.70292
2031-01-31,102.545715
2031-02-03,102.38848
2031-02-04,102.2312
2031-02-05,102.07387
2031-02-06,101.9165
2031-02-07,101.75907
2031-02-10,101.60161
2031-02-11,101.44411
2031-02-12,101.286545
2031-02-13,101.128944
2031-02-14,100.971306
2031-02-17,100.81363
2031-02-18,100.655876
2031-02-19,100.49811
2031-02-20,100.34031
2031-02-21,100.18245
2031-02-24,100.02456
2031-02-25,99.86662
2031-02-26,99.70866
2031-02-27,99.550644
2031-02-28,99.39255
2031-03-03,99.23448
2031-03-04,99.07633
2031-03-05,98.91816
2031-03-06,98.75995
2031-03-07,98.60169
2031-03-10,98.44341
2031-03-11,98.285095
2031-03-12,98.126724
2031-03-13,97.96832
2031-03-14,97.8099
2031-03-17,97.651405
2031-03-18,97.49292
2031-03-19,97.33439
2031-03-20,97.17579
2031-03-21,97.01717
2031-03-24,96.85854
2031-03-25,96.69985
2031-03-26,96.541145
2031-03-27,96.38241
2031-03-28,96.223625
2031-03-31,96.064835
2031-04-01,95.905975
2031-04-02,95.74711
2031-04-03,95.58821
2031-04-04,95.42928
2031-04-07,95.270325
2031-04-08,95.111336
2031-04-09,94.95231
2031-04-10,94.79327
2031-04-11,94.63421
2031-04-14,94.47509
2031-04-15,94.31596
2031-04-16,94.15681
2031-04-17,93.99763
2031-04-18,93.83843
2031-04-21,93.679184
2031-04-22,93.519936
2031-04-23,93.36066
2031-04-24,93.20133
2031-04-25,93.04199
2031-04-28,92.88265
2031-04-29,92.72328
2031-04-30,92.563866
2031-05-01,92.40446
2031-05-02,92.24502
2031-05-05,92.08555
2031-05-06,91.92607
2031-05-07,91.76656
2031-05-08,91.60705
2031-05-09,91.44751
2031-05-12,91.28794
2031-05-13,91.128365
2031-05-14,90.968765
2031-05-15,90.80915
2031-05-16,90.64952
2031-05-19,90.48987
2031-05-20,90.330215
2031-05-21,90.17053
2031-05-22,90.01085
2031-05-23,89.85114
2031-05-26,89.69141
2031-05-27,89.531685
2031-05-28,89.37193
2031-05-29,89.21217
2031-05-30,89.05241
2031-06-02,88.89262
2031-06-03,88.73282
2031-06-04,88.573006
2031-06-05,88.41321
2031-06-06,88.25336
2031-06-09,88.09353
2031-06-10,87.93369
2031-06-11,87.77384
2031-06-12,87.613976
2031-06-13,87.45411
2031-06-16,87.29423
2031-06-17,87.13436
2031-06-18,86.97448
2031-06-19,86.81458
2031-06-20,86.65469
2031-06-23,86.49478
2031-06-24,86.33488
2031-06-25,86.17499
2031-06-26,86.01506
2031-06-27,85.85516
2031-06-30,85.69523
2031-07-01,85.53534
2031-07-02,85.37543
2031-07-03,85.2155
2031-07-04,85.0556
2031-07-07,84.895676
2031-07-08,84.73577
2031-07-09,84.57586
2031-07-10,84.41596
2031-07-11,84.25604
2031-07-14,84.096146
2031-07-15,83.93625
2031-07-16,83.77637
2031-07-17,83.61646
2031-07-18,83.45659
2031-07-21,83.296715
2031-07-22,83.136856
2031-07-23,82.977
2031-07-24,82.81714
2031-07-25,82.657295
2031-07-28,82.49745
2031-07-29,82.33763
2031-07-30,82.177826
2031-07-31,82.01802
2031-08-01,81.85822
2031-08-04,81.698456
2031-08-05,81.53868
2031-08-06,81.37892
2031-08-07,81.21918
2031-08-08,81.05945
2031-08-11,80.899734
2031-08-12,80.740036
2031-08-13,80.58034
2031-08-14,80.42066
2031-08-15,80.261024
2031-08-18,80.10139
2031-08-19,79.941765
2031-08-20,79.78217
2031-08-21,79.62259
2031-08-22,79.46304
2031-08-25,79.3035
2031-08-26,79.143974
2031-08-27,78.98448
2031-08-28,78.825
2031-08-29,78.66555
2031-09-01,78.50611
2031-09-02,78.3467
2031-09-03,78.187325
2031-09-04,78.02796
2031-09-05,77.86863
2031-09-08,77.70932
2031-09-09,77.55003
2031-09-10,77.390785
2031-09-11,77.23156
2031-09-12,77.07235
2031-09-15,76.91318
2031-09-16,76.75404
2031-09-17,76.594925
2031-09-18,76.43584
2031-09-19,76.276794
2031-09-22,76.11777
2031-09-23,75.95879
2031-09-24,75.799835
2031-09-25,75.64092
2031-09-26,75.48203
2031-09-29,75.32318
2031-09-30,75.16437
2031-10-01,75.00558
2031-10-02,74.84683
2031-10-03,74.688126
2031-10-06,74.52945
2031-10-07,74.37081
2031-10-08,74.21223
2031-10-09,74.05366
2031-10-10,73.89516
2031-10-13,73.73667
2031-10-14,73.57823
2031-10-15,73.419846
2031-10-16,73.2615
2031-10-17,73.103195
2031-10-20,72.94493
2031-10-21,72.786705
2031-10-22,72.628525
2031-10-23,72.4704
2031-10-24,72.31232
2031-10-27,72.154274
2031-10-28,71.996284
2031-10-29,71.83834
2031-10-30,71.68044
2031-10-31,71.522606
2031-11-03,71.36481
2031-11-04,71.20707
2031-11-05,71.04936
2031-11-06,70.891716
2031-11-07,70.73412
2031-11-10,70.57659
2031-11-11,70.4191
2031-11-12,70.261665
2031-11-13,70.10429
2031-11-14,69.94696
2031-11-17,69.789696
2031-11-18,69.632484
2031-11-19,69.47533
2031-11-20,69.31824
2031-11-21,69.16119
2031-11-24,69.00421
2031-11-25,68.84729
2031-11-26,68.69042
2031-11-27,68.53363
2031-11-28,68.37688
2031-12-01,68.2202
2031-12-02,68.0636
2031-12-03,67.907036
2031-12-04,67.75055
2031-12-05,67.594124
2031-12-08,67.43777
2031-12-09,67.28147
2031-12-10,67.125244
2031-12-11,66.96908
2031-12-12,66.81298
2031-12-15,66.65696
2031-12-16,66.50101
2031-12-17,66.345116
2031-12-18,66.1893
2031-12-19,66.033554
2031-12-22,65.87788
2031-12-23,65.72227
2031-12-24,65.566734
2031-12-25,65.411285
2031-12-26,65.25588
2031-12-29,65.100586
2031-12-30,64.94534
2031-12-31,64.79018
2032-01-01,64.635086
2032-01-02,64.48008
2032-01-05,64.32516
2032-01-06,64.17029
2032-01-07,64.01552
2032-01-08,63.860825
2032-01-09,63.7062
2032-01-12,63.551666
2032-01-13,63.397217
2032-01-14,63.242832
2032-01-15,63.088547
2032-01-16,62.93433
2032-01-19,62.78021
2032-01-20,62.62617
2032-01-21,62.47221
2032-01-22,62.31834
2032-01-23,62.164555
2032-01-26,62.010845
2032-01-27,61.85724
2032-01-28,61.703728
2032-01-29,61.55028
2032-01-30,61.396946
2032-02-02,61.243683
2032-02-03,61.09052
2032-02-04,60.93744
2032-02-05,60.784466
2032-02-06,60.63157
2032-02-09,60.478767
2032-02-10,60.326065
2032-02-11,60.17345
2032-02-12,60.02093
2032-02-13,59.868515
2032-02-16,59.716183
2032-02-17,59.56396
2032-02-18,59.411835
2032-02-19,59.25979
2032-02-20,59.107853
2032-02-23,58.95602
2032-02-24,58.80428
2032-02-25,58.65264
2032-02-26,58.501106
2032-02-27,58.34967
2032-03-01,58.198334
2032-03-02,58.047108
2032-03-03,57.89598
2032-03-04,57.74495
2032-03-05,57.594032
2032-03-08,57.443214
2032-03-09,57.2925
2032-03-10,57.141907
2032-03-11,56.99141
2032-03-12,56.841015
2032-03-15,56.690735
2032-03-16,56.54057
2032-03-17,56.3905
2032-03-18,56.240547
2032-03-19,56.09071
2032-03-22,55.94096
2032-03-23,55.79135
2032-03-24,55.641838
2032-03-25,55.49244
2032-03-26,55.34316
2032-03-29,55.193993
2032-03-30,55.044933
2032-03-31,54.895996
2032-04-01,54.747177
2032-04-02,54.59847
2032-04-05,54.44987
2032-04-06,54.301403
2032-04-07,54.153053
2032-04-08,54.004818
2032-04-09,53.856697
2032-04-12,53.7087
2032-04-13,53.56081
2032-04-14,53.413067
2032-04-15,53.26543
2032-04-16,53.117924
2032-04-19,52.97053
2032-04-20,52.823265
2032-04-21,52.676117
2032-04-22,52.529106
2032-04-23,52.38221
2032-04-26,52.235443
2032-04-27,52.088806
2032-04-28,51.94229
2032-04-29,51.795902
2032-04-30,51.64965
2032-05-03,51.503513
2032-05-04,51.357513
2032-05-05,51.21164
2032-05-06,51.065907
2032-05-07,50.920288
2032-05-10,50.77481
2032-05-11,50.629456
2032-05-12,50.484253
2032-05-13,50.339165
2032-05-14,50.19421
2032-05-17,50.0494
2032-05-18,49.904716
2032-05-19,49.76017
2032-05-20,49.61577
2032-05-21,49.471493
2032-05-24,49.327354
2032-05-25,49.18336
2032-05-26,49.0395
2032-05-27,48.895775
2032-05-28,48.75219
2032-05-31,48.608746
2032-06-01,48.46544
2032-06-02,48.32228
2032-06-03,48.17925
2032-06-04,48.03637
2032-06-07,47.893635
2032-06-08,47.75104
2032-06-09,47.60859
2032-06-10,47.466274
2032-06-11,47.324116
2032-06-14,47.182095
2032-06-15,47.04022
2032-06-16,46.89849
2032-06-17,46.756905
2032-06-18,46.615475
2032-06-21,46.47419
2032-06-22,46.333046
2032-06-23,46.19206
2032-06-24,46.051205
2032-06-25,45.91052
2032-06-28,45.769978
2032-06-29,45.62958
2032-06-30,45.48934
2032-07-01,45.349255
2032-07-02,45.209312
2032-07-05,45.069527
2032-07-06,44.929897
2032-07-07,44.790413
2032-07-08,44.651096
2032-07-09,44.51192
2032-07-12,44.372906
2032-07-13,44.234047
2032-07-14,44.09534
2032-07-15,43.956795
2032-07-16,43.8184
2032-07-19,43.68017
2032-07-20,43.542088
2032-07-21,43.404175
2032-07-22,43.266415
2032-07-23,43.12881
2032-07-26,42.991375
2032-07-27,42.854095
2032-07-28,42.716976
2032-07-29,42.58002
2032-07-30,42.44322
2032-08-02,42.306587
2032-08-03,42.170116
2032-08-04,42.033806
2032-08-05,41.897655
2032-08-06,41.761677
2032-08-09,41.625862
2032-08-10,41.49021
2032-08-11,41.35472
2032-08-12,41.219395
2032-08-13,41.084244
2032-08-16,40.949253
2032-08-17,40.81443
2032-08-18,40.67978
2032-08-19,40.545288
2032-08-20,40.410976
2032-08-23,40.27682
2032-08-24,40.14284
2032-08-25,40.009026
2032-08-26,39.87539
2032-08-27,39.74192
2032-08-30,39.608616
2032-08-31,39.475487
2032-09-01,39.34253
2032-09-02,39.20974
2032-09-03,39.07713
2032-09-06,38.94469
2032-09-07,38.81242
2032-09-08,38.680332
2032-09-09,38.548412
2032-09-10,38.416664
2032-09-13,38.28509
2032-09-14,38.1537
2032-09-15,38.02248
2032-09-16,37.891438
2032-09-17,37.76057
2032-09-20,37.629883
2032-09-21,37.49937
2032-09-22,37.369038
2032-09-23,37.238884
2032-09-24,37.108902
2032-09-27,36.9791
2032-09-28,36.849483
2032-09-29,36.720043
2032-09-30,36.59078
2032-10-01,36.4617
2032-10-04,36.3328
2032-10-05,36.204075
2032-10-06,36.075542
2032-10-07,35.947186
2032-10-08,35.819004
2032-10-11,35.691017
2032-10-12,35.563206
2032-10-13,35.435585
2032-10-14,35.308136
2032-10-15,35.180885
2032-10-18,35.053802
2032-10-19,34.92691
2032-10-20,34.8002
2032-10-21,34.673683
2032-10-22,34.547348
2032-10-25,34.421196
2032-10-26,34.29523
2032-10-27,34.169453
2032-10-28,34.043858
2032-10-29,33.918457
2032-11-01,33.793236
2032-11-02,33.66821
2032-11-03,33.543365
2032-11-04,33.41871
2032-11-05,33.29424
2032-11-08,33.169968
2032-11-09,33.045876
2032-11-10,32.921978
2032-11-11,32.798267
2032-11-12,32.674747
2032-11-15,32.551422
2032-11-16,32.428288
2032-11-17,32.30534
2032-11-18,32.18258
2032-11-19,32.060017
2032-11-22,31.937641
2032-11-23,31.81546
2032-11-24,31.69347
2032-11-25,31.571674
2032-11-26,31.45007
2032-11-29,31.32866
2032-11-30,31.207443
2032-12-01,31.086418
2032-12-02,30.96559
2032-12-03,30.844948
2032-12-06,30.724508
2032-12-07,30.604261
2032-12-08,30.484207
2032-12-09,30.364346
2032-12-10,30.24468
2032-12-13,30.125217
2032-12-14,30.005943
2032-12-15,29.886873
2032-12-16,29.767988
2032-12-17,29.64931
2032-12-20,29.53082
2032-12-21,29.412533
2032-12-22,29.29444
2032-12-23,29.176546
2032-12-24,29.058847
2032-12-27,28.941347
2032-12-28,28.824045
2032-12-29,28.706938
2032-12-30,28.59003
2032-12-31,28.473322
2033-01-03,28.356817
2033-01-04,28.240509
2033-01-05,28.124397
2033-01-06,28.008482
2033-01-07,27.892773
2033-01-10,27.77726
2033-01-11,27.661945
2033-01-12,27.546831
2033-01-13,27.431925
2033-01-14,27.31721
2033-01-17,27.202698
2033-01-18,27.08839
2033-01-19,26.974277
2033-01-20,26.860369
2033-01-21,26.746658
2033-01-24,26.633156
2033-01-25,26.51985
2033-01-26,26.406748
2033-01-27,26.293844
2033-01-28,26.181149
2033-01-31,26.068647
2033-02-01,25.956356
2033-02-02,25.844263
2033-02-03,25.732374
2033-02-04,25.62069
2033-02-07,25.509203
2033-02-08,25.39792
2033-02-09,25.286846
2033-02-10,25.17597
2033-02-11,25.0653
2033-02-14,24.95483
2033-02-15,24.844564
2033-02-16,24.734507
2033-02-17,24.624651
2033-02-18,24.514994
2033-02-21,24.405546
2033-02-22,24.296299
2033-02-23,24.18726
2033-02-24,24.078424
2033-02-25,23.969791
2033-02-28,23.861362
2033-03-01,23.75314
2033-03-02,23.645123
2033-03-03,23.537313
2033-03-04,23.4297
2033-03-07,23.3223
2033-03-08,23.215101
2033-03-09,23.108112
2033-03-10,23.001322
2033-03-11,22.89474
2033-03-14,22.788359
2033-03-15,22.682192
2033-03-16,22.57623
2033-03-17,22.470467
2033-03-18,22.364914
2033-03-21,22.25956
2033-03-22,22.154419
2033-03-23,22.049484
2033-03-24,21.944752
2033-03-25,21.840225
2033-03-28,21.735903
2033-03-29,21.631792
2033-03-30,21.52789
2033-03-31,21.424183
2033-04-01,21.320692
2033-04-04,21.217403
2033-04-05,21.114319
2033-04-06,21.011442
2033-04-07,20.908773
2033-04-08,20.806309
2033-04-11,20.704052
2033-04-12,20.602001
2033-04-13,20.500154
2033-04-14,20.398518
2033-04-15,20.297081
2033-04-18,20.19586
2033-04-19,20.094843
2033-04-20,19.994026
2033-04-21,19.893423
2033-04-22,19.793024
2033-04-25,19.692827
2033-04-26,19.59284
2033-04-27,19.493063
2033-04-28,19.393486
2033-04-29,19.29412
2033-05-02,19.194958
2033-05-03,19.096003
2033-05-04,18.997253
2033-05-05,18.898708
2033-05-06,18.800379
2033-05-09,18.702248
2033-05-10,18.604326
2033-05-11,18.506607
2033-05-12,18.409098
2033-05-13,18.31179
2033-05-16,18.214695
2033-05-17,18.117805
2033-05-18,18.021114
2033-05-19,17.924639
2033-05-20,17.828365
2033-05-23,17.732298
2033-05-24,17.636435
2033-05-25,17.540781
2033-05-26,17.44533
2033-05-27,17.350084
2033-05-30,17.255049
2033-05-31,17.160213
2033-06-01,17.065588
2033-06-02,16.971163
2033-06-03,16.876947
2033-06-06,16.782942
2033-06-07,16.689138
2033-06-08,16.595533
2033-06-09,16.50214
2033-06-10,16.40895
2033-06-13,16.315964
2033-06-14,16.223183
2033-06-15,16.130611
2033-06-16,16.03824
2033-06-17,15.9460745
2033-06-20,15.8541155
2033-06-21,15.762362
2033-06-22,15.670808
2033-06-23,15.57946
2033-06-24,15.488318
2033-06-27,15.397379
2033-06-28,15.306646
2033-06-29,15.216113
2033-06-30,15.125791
2033-07-01,15.035668
2033-07-04,14.945748
2033-07-05,14.856033
2033-07-06,14.766519
2033-07-07,14.677213
2033-07-08,14.588103
2033-07-11,14.499207
2033-07-12,14.410508
2033-07-13,14.32201
2033-07-14,14.233719
2033-07-15,14.145628
2033-07-18,14.057739
2033-07-19,13.970054
2033-07-20,13.882571
2033-07-21,13.795289
2033-07-22,13.708209
2033-07-25,13.621335
2033-07-26,13.5346575
2033-07-27,13.448184
2033-07-28,13.36191
2033-07-29,13.275838
2033-08-01,13.18997
2033-08-02,13.104296
2033-08-03,13.018835
2033-08-04,12.933562
2033-08-05,12.8485
2033-08-08,12.763629
2033-08-09,12.678964
2033-08-10,12.594498
2033-08-11,12.510233
2033-08-12,12.426166
2033-08-15,12.3423
2033-08-16,12.258634
2033-08-17,12.175165
2033-08-18,12.091899
2033-08-19,12.008829
2033-08-22,11.925961
2033-08-23,11.8432865
2033-08-24,11.760813
2033-08-25,11.678543
2033-08-26,11.596461
2033-08-29,11.514583
2033-08-30,11.4329
2033-08-31,11.351418
2033-09-01,11.270136
2033-09-02,11.189042
2033-09-05,11.108154
2033-09-06,11.027461
2033-09-07,10.94696
2033-09-08,10.866661
2033-09-09,10.786556
2033-09-12,10.706649
2033-09-13,10.626933
2033-09-14,10.5474205
2033-09-15,10.468096
2033-09-16,10.388972
2033-09-19,10.3100395
2033-09-20,10.231303
2033-09-21,10.152767
2033-09-22,10.074418
2033-09-23,9.996269
2033-09-26,9.918307
2033-09-27,9.840548
2033-09-28,9.762971
2033-09-29,9.685595
2033-09-30,9.608412
2033-10-03,9.531422
2033-10-04,9.454625
2033-10-05,9.378017
2033-10-06,9.301609
2033-10-07,9.225388
2033-10-10,9.149359
2033-10-11,9.073521
2033-10-12,8.997878
2033-10-13,8.922422
2033-10-14,8.847163
2033-10-17,8.772087
2033-10-18,8.697209
2033-10-19,8.622519
2033-10-20,8.5480175
2033-10-21,8.473706
2033-10-24,8.399585
2033-10-25,8.325657
2033-10-26,8.251911
2033-10-27,8.178358
2033-10-28,8.104995
2033-10-31,8.031819
2033-11-01,7.958833
2033-11-02,7.8860335
2033-11-03,7.813427
2033-11-04,7.7409987
2033-11-07,7.6687646
2033-11-08,7.5967183
2033-11-09,7.5248494
2033-11-10,7.4531775
2033-11-11,7.3816895
2033-11-14,7.3103857
2033-11-15,7.239268
2033-11-16,7.1683354
2033-11-17,7.09759
2033-11-18,7.0270305
2033-11-21,6.9566545
2033-11-22,6.886462
2033-11-23,6.816452
2033-11-24,6.7466288
2033-11-25,6.6769915
2033-11-28,6.607536
2033-11-29,6.538262
2033-11-30,6.469173
2033-12-01,6.4002643
2033-12-02,6.331542
2033-12-05,6.2630005
2033-12-06,6.194638
2033-12-07,6.126462
2033-12-08,6.058466
2033-12-09,5.99065
2033-12-12,5.9230123
2033-12-13,5.855561
2033-12-14,5.7882886
2033-12-15,5.7211947
2033-12-16,5.654281
2033-12-19,5.5875463
2033-12-20,5.520993
2033-12-21,5.4546165
2033-12-22,5.388422
2033-12-23,5.322403
2033-12-26,5.256559
2033-12-27,5.190898
2033-12-28,5.1254115
2033-12-29,5.060109
2033-12-30,4.9949765
2034-01-02,4.9300256
2034-01-03,4.8652477
2034-01-04,4.800643
2034-01-05,4.7362204
2034-01-06,4.671971
2034-01-09,4.6078978
2034-01-10,4.5440016
2034-01-11,4.4802713
2034-01-12,4.41673
2034-01-13,4.3533497
2034-01-16,4.2901473
2034-01-17,4.2271204
2034-01-18,4.164265
2034-01-19,4.1015797
2034-01-20,4.039074
2034-01-23,3.9767382
2034-01-24,3.9145758
2034-01-25,3.8525832
2034-01-26,3.7907639
2034-01-27,3.7291176
2034-01-30,3.6676388
2034-01-31,3.6063333
2034-02-01,3.5451941
2034-02-02,3.4842281
2034-02-03,3.4234364
2034-02-06,3.3628058
2034-02-07,3.3023453
2034-02-08,3.2420588
2034-02-09,3.1819386
2034-02-10,3.1219823
2034-02-13,3.0622003
2034-02-14,3.0025806
2034-02-15,2.9431298
2034-02-16,2.8838496
2034-02-17,2.8247359
2034-02-20,2.7657862
2034-02-21,2.7070062
2034-02-22,2.6483903
2034-02-23,2.5899365
2034-02-24,2.5316534
2034-02-27,2.473531
2034-02-28,2.4155757
2034-03-01,2.3577836
2034-03-02,2.3001554
2034-03-03,2.242692
2034-03-06,2.1853933
2034-03-07,2.128262
2034-03-08,2.0712838
2034-03-09,2.0144727
2034-03-10,1.9578205
2034-03-13,1.9013339
2034-03-14,1.8450096
2034-03-15,1.7888441
2034-03-16,1.7328458
2034-03-17,1.6769997
2034-03-20,1.6213168
2034-03-21,1.5657876
2034-03-22,1.510429
2034-03-23,1.4552234
2034-03-24,1.4001802
